AVG(salary),sex
32500.000000,M
25000.000000,F
