AVG(salary),sex
25000.000000,F
32500.000000,M
