month,amt_spent_gloss_walmart
5,9257.64
11,9250.15
12,5774.79
1,5070.7300000000005
4,4875.99
3,4711.21
2,4673.76
9,4673.759999999999
8,4531.45
7,4254.32
10,1235.85
6,344.54
