account_name,lif_avg_spent
"EOG Resources",6175.375806451612
"Republic Services",5877.222800000002
IBM,5446.991333333334
Mosaic,5236.645303030305
"General Dynamics",4555.981666666666
"Arrow Electronics",4194.3038805970145
"Archer Daniels Midland",4131.406666666666
"Leucadia National",4099.257042253522
Sysco,4096.700588235293
Supervalu,4048.357352941177
