Month,sales_in_that_month
12,3129411.9800000037
10,2427505.97
11,2390033.7500000005
9,2017216.8800000008
7,1978731.1500000013
8,1918107.220000001
6,1871118.5199999998
3,1659987.8800000006
4,1562037.7399999981
5,1537082.2300000004
1,1337661.8700000006
2,1312616.6399999997
