YEAR,sales_in_that_year
2016,12864917.920000006
2015,5752004.939999998
2014,4069106.540000003
2013,377331
2017,78151.43000000001
